Year,StateAb,Australian_Citizens,Age - Baby Boomers,Age - Gen X,Age - Gen Y,Age - Gen Z,Age - Greatest Gen,Age - Silent Gen,Age - Gen Alpha,Language - Arabic,Language - Chinese,Language - East Asian,Language - English Only,Language - European,Language - Greek,Language - Indigenous,Language - Indonesian,Language - Italian,Language - Pacific,Language - Philippinnes,Language - South Asian,Language - Western Asian,Religion - Anglican-Uniting-Presbyterian,Religion - Buddhism,Religion - Catholic,Religion - Christian Orthodox,Religion - Hinduism,Religion - Islam,Religion - Judaism,Religion - No Religion-Secular,Religion - Not Stated,Religion - Other,Religion - Other Christianity,Income - 1 to 999,Income - 1000 to 1999,Income - 2000 or more,Income - Negative,Income - Not Stated,Household - Flat,Household - Other,Household - Owned outright,Household - Owned with a mortgage,Household - Rented,Household - Social or community,Household - Standalone,Household - Tenure other or not stated,Household - Semi detached,Education - Bachelor,Education - Diploma or Certificate,Education - Graduate Diploma or Certificate,Education - Inadequately Described,Education - Not Stated,Education - Postgraduate,Relationship - Child under 15,Relationship - De Facto,Relationship - Group Household,Relationship - Living Alone,Relationship - Married,Relationship - Non-dependent Child,Relationship - Other Relationship,Relationship - Single Parent,Relationship - Unrelated in family household,Relationship - Visitor
2006,NSW,85.76741561349205,25.563679345192206,22.346897219235423,21.461985451196576,13.023590765316243,0.5244720220671278,13.238625059011705,NA,2.571052384351018,3.7876688137284824,2.057991701849907,73.64384636441409,3.6344096374579946,1.3397129782961512,0.028557900793311376,0.29639143736604234,1.355775823750545,0.20091799707067293,0.7370057266926321,0.9411487567497837,0.6342253276018109,29.3580017025562,2.6161066054444406,28.19910123478948,0.3210521199068206,1.1486334057480592,2.6243482986278592,0.5718083614703804,14.323564200452935,10.065179485070228,1.1495681913643259,9.62263639456927,64.08743013140435,14.86007631759355,4.103347923023471,7.814792589854224,9.134353038124413,17.93233453093288,1.1394929797021107,34.692203780210924,32.01934550199564,24.243618458358785,5.284063168449929,71.04042281613235,3.7607690909847244,NA,17.060294926387957,10.404589096331462,1.7524024719213471,2.3883429301788732,16.933976311116037,4.403952204883414,20.14771415541551,6.0290901684933305,3.021708858789571,9.460478969796782,39.78736699230406,6.915283756517597,2.2681169912891206,4.576916102473608,0.83380584361015,1.8794631922388327
2006,VIC,86.3373619105582,25.459106427916304,22.898276932396424,21.692547800621277,12.590261190560582,0.5241797473072374,13.019028490156886,NA,1.185829098740275,3.093664985846307,2.0274336831937205,73.43163067754276,4.1739931223757525,2.50597506212155,0.024546085167620368,0.2228672960105531,2.7968161324424363,0.11610040807866591,0.464916585150348,0.9826587486946482,0.8819640129502055,21.745601868937495,2.813490748862382,27.68580376499587,0.19400868898016915,0.9040864984371164,2.332202438475944,0.8786606748979104,20.100561814146456,11.087010815737662,1.2905590162330474,10.968013670295944,66.36374751261957,13.806005676120591,3.4064679980257435,7.61605852541272,8.807720287821377,13.06978047065944,0.7222692377619603,36.14034859143877,35.14269792078135,21.47779744600007,3.5165912871683505,76.65736686788264,3.7225647546114544,NA,19.004021602646855,10.79431059779468,2.8051315101284446,1.9397719459424516,16.94503156752394,4.13549255327693,19.50505759426675,6.137443338035379,3.4348558232401496,9.797024508543593,39.7279530814612,6.65075383286197,2.1796876266714844,4.3745237152181815,0.7736833693514652,1.7917572910658819
2006,QLD,86.14366099175822,25.701903108051784,22.2834418652936,22.367057128188314,13.466117317301679,0.44017500104069396,12.495162700295044,NA,0.18712601743617396,1.1912350184078666,0.9241326558720336,86.38680180051904,1.6585310807239442,0.28575907398836575,0.3182286716660976,0.08120060861865548,0.5657960467466394,0.2494569992076886,0.3064384816896753,0.3170576369957531,0.11553321599920796,31.34513271038882,1.21105033192568,24.014742434561683,0.02291528769065799,0.36204025372360116,0.5261467158613446,0.09083609394682429,18.583207112947882,11.717643201252383,1.1228490968422413,11.003436760858879,67.66295557947879,14.008897875963811,2.8663655921924414,6.344430766026841,9.117350186338117,11.041662320943802,1.6511015289991329,31.565816096954816,33.812753479806545,26.829971482124925,4.237079793431651,80.06214632024054,3.554379147682066,NA,14.718108996802567,9.598861074345768,1.7188920821588696,2.0133874063305646,16.69722409062487,2.8815864480865696,21.09217144265194,7.9504862953138815,3.6108477917409516,9.055094142714267,38.30290907509675,5.670942586714209,2.164920062037077,4.577466626081663,1.1333072429737212,2.1457871316548536
2006,SA,88.26695684673928,26.555657574081767,20.993207682965227,21.097725222066696,11.957269525596214,0.618174938546333,14.253149417744696,NA,0.35637876308056265,1.2060116671540109,1.316623379029025,83.3885289303874,2.537652306108651,1.7117030101998287,0.21262323084108564,0.07025696053305319,2.3633330113773936,0.007409396967704291,0.24530396389506706,0.23915151819866975,0.28215248274338217,25.116578142912996,1.521717702611787,20.163768393017683,0.04247023279905957,0.33122812402631036,0.6948712232419342,0.06463149134685545,24.23462620572131,11.985271693722146,1.3054635109916535,14.539373279608268,71.75861209100132,12.5721786269227,2.176100823053624,6.159540655989902,7.333567803032457,8.876323297223431,0.7142636970467054,34.74513578031297,34.77116504954123,18.289329027087565,7.965127629041815,79.88690967501087,4.229242514016419,NA,15.00292798157853,9.863451842147054,1.9948735508972526,1.9406562648880419,15.743608067333652,2.8091253771637286,18.899366095739634,7.000659693577321,2.771639160436623,11.669879645104803,39.68327584167924,6.038832157141005,1.73771552246164,4.673850629985994,0.6715908588982404,2.071765542337937
2006,WA,83.48722607459057,26.17528162616514,22.520465841785448,22.53690406326206,13.14059134581409,0.4369187091540922,12.070263410977045,NA,0.42694056186865237,1.930145350077044,1.0461902881958152,81.22549657539864,2.76406831486429,0.27695363036177306,0.4280341596193405,0.35613010751159485,1.7647933701729963,0.012084255145104018,0.22008654732598945,0.28510093360439975,0.29559947201100595,26.069869329938623,1.8325852723860518,24.020904147582364,0.06102602464663963,0.4456102821195935,1.2724691698273336,0.28566304010219123,22.78600207357245,12.73972947316386,1.344978586208556,9.141162600452336,62.801396438779804,16.451914214064917,4.235677120783189,6.930560177937746,9.580452048434347,7.676160734899207,1.144027121280241,30.90832594140734,38.21296645078193,22.426090866009698,4.711897152994641,80.32795849180408,3.7407195888063964,NA,15.995574540728835,10.566697169397814,1.8698622763239852,2.1340056750459464,17.20007997354721,2.9543112662734634,20.5305414885183,7.800287050080397,2.8587265579289887,10.004788193389878,38.73008416472593,6.101776582775667,2.0754071021044505,4.332318735482204,0.7212480459280128,2.01907186335595
2006,TAS,90.77423262308734,27.25655342102773,19.75247889130732,21.145494884493655,12.660168448944829,0.5314238246953303,14.5980673585481,NA,0.1390177063550651,0.4393464274973238,0.16383478555309489,91.98892064633769,1.1317008742762562,0.25132550543767446,0.018297338052784665,0.022082994201636664,0.2656268731111153,0.007150683836720444,0.10831182870326556,0.10431585832392178,0.04563818801671578,37.606283977749506,0.5417512276680091,18.43678692730733,0.01808641520941335,0.1547860650480026,0.21682667535936234,0.047319109559511664,21.5213619491267,12.200338594517293,1.0496430036067677,8.206816054848106,74.30926992130276,11.139472049770827,1.5705379347937178,5.744138326838562,7.236581767294131,8.369898716637524,0.8269825036015528,37.7970593733848,33.380071041316135,18.805604126114833,6.293094916037083,86.74683558224187,3.724170543147152,NA,13.844028050670117,8.956725930895672,1.7627513937477037,2.1041996134247056,16.757320170604302,2.5359019823964473,20.084701211830073,8.078338424167717,2.7044113515032313,11.21803877493678,38.630369168577616,5.3524005474535254,1.4966599896672679,4.866127672688052,0.6831839316952025,2.5217757797134026
2006,NT,85.09817344493885,24.528448664823852,26.38924183569217,25.05899253711992,16.70357481809554,0.12861669631419814,6.465063452632234,NA,0.14002551576064973,1.2555621246538258,0.5460995114665339,65.53868334526143,1.1684351370694215,1.2706019022725623,15.122237089128834,0.43096742072999966,0.39362728319382645,0.010890873448050533,0.7410980074887721,0.2442667330491334,0.026967877109458464,20.54327082641885,1.668810155990707,21.086230501161634,0.010890308662462662,0.25358861599734484,0.9127115831397279,0.06637902422834384,22.979069863923,16.96761948224361,2.775472950547627,12.735956687686691,59.79971288960053,18.06172873588604,2.91596499461668,6.034149573475416,13.188443806421335,15.322038694160506,4.430021575354578,15.790683691154104,31.76705690941888,30.27446680578644,17.539702189367947,70.25253775687051,4.628090404272627,NA,12.70693024132356,8.370446046876085,2.159315208442853,1.6941251153056467,22.900445352562514,2.870490681319989,25.191153596309828,10.133673426819312,3.386234557232847,7.952466373057921,29.653092725138112,5.293896791956948,5.004857059422993,4.960160193567227,1.7241071056097546,3.5346281518739904
2006,ACT,89.57135575155625,26.00781599962928,24.38375631381393,24.061230479309227,12.52135497922427,0.34167966758831614,10.15400299664808,NA,0.4058887852372627,2.153002156091112,1.4428512297132832,81.01126233265582,3.9594234772992642,0.7966416873111876,0.04200979816763145,0.21715358905768317,1.07866334706889,0.07815058041478498,0.3509053729296274,0.9331735313559898,0.26163455182341055,23.52568657131383,2.211238454171944,28.04392820734608,0.05158938556115041,1.010781254826851,1.3410151061134967,0.17731920546167868,23.371845170059622,10.219641036730406,1.425349850174539,8.6216057582404,54.97838473641599,26.950720254189388,5.9739853046759235,5.909445030016956,6.18746467470174,10.091672575973755,0.2093176245439866,29.889702427230088,38.539219287978334,21.141080078942647,8.247968764684272,76.34539971122712,2.1820294411646604,NA,26.4723372841734,11.321925111758192,4.783558216790387,2.0444572037895257,10.821063855965221,9.192880285444778,19.656485342993772,7.701019252548131,4.486660326443101,9.35541433809074,38.2869970528042,5.6087454758696245,1.8083079332327412,4.307207355555481,1.0236212534151514,2.0264071431691932
2011,NSW,85.53026623020567,17.633981492705836,21.71902357099853,22.167766001620073,20.505011927505446,NA,2.089424355747427,11.69721066837914,2.550326696270011,4.2783848305612056,2.4951143832586444,73.05597712112971,3.4875900971621343,1.258198836207859,0.01904994887721406,0.36174196400535824,1.1532318430544521,0.2102593736323564,0.8261140485534093,2.6256538621330945,0.8433447864741813,27.214677827663994,2.810684669089523,27.174684714052194,3.0214471945954866,1.7366536294638024,3.135968895296727,0.5868959841826052,18.142822744722654,7.752954964559357,1.4496172552536812,6.973592121119973,57.46406017527797,19.273304602722924,6.704871564059699,8.59183372150066,7.965929936438745,19.053325912251335,1.0025464308564305,33.16869352565526,33.266043729728146,25.05686314818942,5.112101046463197,69.26497918073397,3.3962985499639724,10.679148476158263,24.719313840384576,45.21502088074914,2.608635511647675,3.119857699200562,16.796644801612963,7.540527266405085,19.57957061615047,6.603711160443584,3.3398913314362493,9.45368989837096,39.178625486329054,6.594558982201246,2.363334779505052,4.6345099941308066,1.0432367076968065,1.9620101691223684
2011,VIC,85.00868736269328,17.055515315498674,21.780943024070204,22.914733647405313,20.78412240426691,NA,2.040538781105398,11.34583784786864,1.339494554609803,3.852056668749989,2.5832796584386384,71.36578182185029,4.002107597718653,2.2896645532985236,0.009212780813219922,0.27218494329165294,2.399819962762855,0.1462106121285961,0.6026312736699321,2.83536760686776,1.269135174576227,19.26224476740727,3.292418120327696,26.78863033424404,4.460958036388136,1.6234761754393714,2.9928215817750115,0.8928402655200935,23.71349282765051,8.296756768480144,1.8070504375558,6.869310685211925,58.50756003528716,19.306930451385686,5.75618172205062,8.717657299555688,7.711670491720845,13.46413858782311,0.6295624025267683,34.24608687294951,35.356080363812694,23.65208445277381,3.3268132751442714,76.0474686447453,3.4189350353197123,9.858830364904831,26.737826531657703,43.40789389142904,3.9423005124482735,1.851091318594874,16.87640984053499,7.1844779053351235,18.83808563542993,6.7845485384214435,3.9187693858892088,9.65197255428049,39.05499397595509,6.486678743238971,2.3395296972597004,4.403277764011245,1.0323760371183703,1.7939691192931788
2011,QLD,84.5521041752465,17.0386314480178,21.747201611956704,22.22561236043363,21.623142616452597,NA,1.776735940462794,12.207275519541897,0.2646772003087103,1.4949236300980573,1.339587309374383,84.83591090477245,1.8028920650684728,0.2641746486625545,0.29011588601650046,0.10252053581577893,0.5027670254327029,0.30452236653963277,0.49257240632497146,1.0133594979269744,0.18572872980071434,28.751266848941352,1.5180410058212233,23.844759403399404,0.7960657385415233,0.6713850682333515,0.7967597384338337,0.09895481223114982,22.046414234177103,9.106618724835025,1.4570408083902193,10.912693616995819,58.63734756244054,20.048902545671204,5.587545286808445,7.487248820380746,8.238955784699066,11.529382174633446,1.3710276754137465,28.977007057822505,34.52038447105129,29.000218738314725,4.163051687127952,79.12554174523743,3.3393380456835304,7.974048404715383,21.667194229369482,50.477107012444755,2.661244319923632,2.1020648120481646,18.012653743875052,5.07973588233892,20.709243197690046,8.630382827978774,4.0259921882026575,8.872415454943877,37.39743311804881,5.517231340144871,2.2918625984597876,4.61512627235442,1.33756104103923,2.177071912101943
2011,SA,87.05023420203126,18.873031372529333,22.268458784960867,20.64115630036097,20.382479780306948,NA,2.281273376274556,10.703195991706286,0.4675888330925626,1.760282749731094,1.7128398349789833,81.6339440248912,2.434398874423123,1.5835014126190623,0.22604415203320502,0.09670572967328399,2.088429576766527,0.009036745667068719,0.42604490509534393,1.3447807145806636,0.4967699909758054,22.76407866241019,1.8165752846106007,19.92867241964665,2.838606758862449,0.8529061627506365,1.2215930663015149,0.06846594242961845,28.08540734097985,8.914441418945675,1.7335501316918243,11.775702811370994,63.84421674125982,18.492011811454418,4.065524647879241,7.00622175018575,6.59202504922077,8.88018725738683,0.5077208133225425,32.83772803416898,35.28053876883761,20.66777483236167,7.234092733760769,79.876615603813,3.979865630870976,10.735476325477634,22.391827507593185,50.224221855109796,2.9824527793046838,2.0261756726287232,17.080208497588306,5.295113687775304,18.329616492002057,7.620400072182136,3.2700123625374715,11.62603728153457,38.771637807279085,5.780967617693242,1.8765335337195617,4.718570470503632,0.8834904910809275,2.136510424662589
2011,WA,80.70964396804419,16.157194085660585,22.19642941968883,23.251748408439685,21.524536872305013,NA,1.7248812211567504,11.911494637138588,0.5696643521299344,2.4017202854328343,1.7495975589245814,78.79834698829917,2.8780663607313617,0.25227649503856225,0.3717354220225367,0.4272362509310204,1.4738713630138631,0.026957545469834938,0.6218975997693472,1.3250522572739722,0.4529444270920929,24.084142239308026,2.217059106198943,24.103075444497836,1.294473810667948,0.9918789043728976,1.8407496395963479,0.27760691975012014,25.345026429601152,9.519750120134551,1.6302739067755887,8.695963479096589,50.97376471579189,22.611437381979453,9.362908587803702,8.408708176445533,8.643181137979422,8.227089080595444,0.9506336883426976,29.250703161359514,38.35274755664074,24.48323541909766,4.48458440971543,79.82368692625742,3.4287294531866532,10.99859030480443,23.448214593665245,48.311062568915695,2.928766650814969,3.4691179314056972,16.588157214003147,5.254681041195253,20.134823111016747,8.408238010562913,3.5364526659412405,9.289790068738554,38.163327052204146,5.917407574511,2.306165237930943,4.231375567292125,1.0794872475384165,2.0631651583109956
2011,TAS,90.97929225781776,20.376759800955558,22.66629701655938,18.802171761834707,20.374331442586527,NA,2.28994194199866,11.175709940687346,0.18475685148422685,0.6562611931690555,0.3713349643741033,91.70273776061745,1.2109364723785472,0.2414183174377685,0.014772453623601928,0.03521105384255802,0.2590238443590475,0.010927568433897318,0.1580450175347001,0.4174735866505586,0.06758903438743896,33.30028107906841,0.7244514506229676,17.947374065852234,0.46360845625061975,0.3268125957419253,0.3436085371949159,0.04998310287817681,28.630402272915838,8.979555494397642,1.2688018422921805,7.9651211027850906,67.58593474878306,17.00537724374424,3.0407776398570396,6.184954207262401,6.182956160353255,7.528030452324894,0.7602709178222854,36.18080549303517,34.18626118884383,20.320911080455954,6.106023046684576,86.35505585346374,3.2059991909804695,5.3566427763890765,20.191089012381788,52.311104611484836,2.9102076630593743,2.0152091254752853,17.939455981281075,4.6329336063176365,19.31107585087095,9.073199823263488,2.9535892530270482,11.760160717045279,37.447898642045445,5.1860848291728425,1.5185845407789031,4.966687779279603,0.741988634013943,2.6706367085218776
2011,NT,82.354297003622,11.528655829005794,21.789625197561527,27.01700910664559,23.863550839166102,NA,0.6077368856777301,14.342966809663581,0.1401785630286096,1.434713480661944,1.593707958191038,62.1555511651755,1.247024733519611,1.3458082846471546,16.187331244766824,0.44452598007394656,0.3499760097090119,0.026812678163190426,1.4262463191367258,1.0362864911141845,0.05879973281401409,19.630080861012196,1.8844049730228094,21.43310738662289,1.7738619953242671,0.7723896569404526,1.0776764336483415,0.06914816051781153,23.662312370935194,14.740788477188163,2.7536961338181545,12.20253355096972,47.89482392014364,25.813607201289273,6.1044284987713935,6.370371278179824,13.816769101615877,16.743898671609514,4.446937547761898,15.763458693071883,30.38063183909728,33.88127408419101,15.264296050599159,67.50727606783408,4.710339333040665,11.301887712794498,18.2514690127585,44.64933069289788,3.1587832353991496,1.7390081052711317,27.562250430152908,4.639158523520436,24.051750130197625,10.747471425047282,4.208535482279418,7.363977743058411,30.37085765973193,5.509963544664639,4.926129978346079,4.745223802867089,1.6149987665488035,3.2387687416056794
2011,ACT,87.85626642313274,14.985012746169145,21.47239263803681,25.42650642911169,22.355099868336275,NA,1.4295318934364232,11.5642771101213,0.6770915040003586,3.0739450034737006,2.163779386387575,77.83834965599158,3.9121153716859776,0.7768203312341723,0.04370139620358127,0.2840590753232783,0.9252930234642881,0.10897335335380202,0.5232962058223707,2.766914681428027,0.3840680397122431,20.398918661493425,2.6117406468421276,26.119927724006555,1.9071897805106943,1.6926029162522935,2.0811564158951157,0.1896544479150617,28.889386914683513,7.5500399198801,1.8136231843458042,6.745759388175311,43.65110500850007,32.311948958311824,11.476464798717075,6.866125690845395,5.6943555436256394,12.409852521040847,0.23473090881013048,28.36769361439271,38.90896455872134,22.8762257740715,7.759246390240136,72.83453015211181,2.0878696625743185,14.520886418037216,33.025147731579594,34.776574335541525,5.94823122461072,2.523847907202682,10.014252694399811,13.71194610666567,19.230839460485953,8.400995763743488,5.014120855042119,9.209292983395823,38.03440132443882,5.302624531333691,1.9279227735307007,4.148305497394945,1.2453133369041243,2.0840434338024054
2016,NSW,82.73898304903169,18.9870074983214,21.093966980817505,22.23823969827807,19.758935274249694,NA,2.261695889595741,11.34629646343949,2.4362850415837203,5.3718787558738175,2.656214221621344,69.1513546618577,2.8917146998532988,1.0684485235067716,0.018296617755169345,0.3866940860291629,0.9556422058051773,0.20070129730689126,0.8510666270787752,3.525426820650418,0.5170985727542545,21.203451815802367,2.6929854930828925,24.4464040572476,2.478643902898645,2.403622292073183,3.3803275204138767,0.4779991388537992,25.623071048944006,9.155704217096494,0.870979263468009,6.592013909811919,50.29918083817685,22.013119292740495,8.908008844776655,9.775212343702817,8.90001030064612,20.00743166625945,1.231197649432092,32.290707363066254,32.2158033717368,26.611277651436836,4.488327037169294,66.30013438081454,3.4777300605810013,12.138714517513357,26.431472382587934,44.20913349744324,2.768145451666918,1.496009578331334,15.636059690859133,9.329747689249556,18.89428065026225,6.996854277765676,3.808281301533803,9.137390676484815,38.56871355354036,6.734524126087488,2.5248941161153584,4.52011125665101,1.3955008512665679,2.140790218444721
2016,VIC,81.6648741504977,18.14409870225884,21.136249137108734,23.121025758508033,20.012353325379358,NA,2.1725937962383854,11.246898575346668,1.350505573325999,5.1482249889731815,2.5538004084434753,67.17043527600254,3.2406936175834264,1.942578968987027,0.0050532066566613175,0.27070749946399913,1.9119348800477023,0.18052580780922556,0.6493190082143484,4.007265067398949,0.7854487861114781,13.997508769118266,3.171356403387381,23.118348265559003,3.544824469647914,2.308792074261925,3.3937696849470025,0.7312711918854163,31.894324454849237,9.37674831926737,1.2281277364016405,6.586692452458349,51.35514314864519,21.961276845597705,7.64819491772353,10.26200123769022,8.710222916283373,12.190597146939423,0.7001867265401159,32.51869155345898,34.70835632766098,25.765692211159745,2.8083570836388745,72.13838427364384,3.3498892492383523,14.698024629759827,27.899174272687862,42.40355603918568,4.1222719430195784,1.163343002702962,15.142334672691353,9.153338551107517,18.37866663731306,7.325932948368644,4.337152643800076,9.714091284082043,38.26022483421273,6.3672887075954225,2.413751011569187,4.29658176594574,1.167631437162413,2.0147254202692815
2016,QLD,82.7876027708584,18.73224615033007,21.583969579570077,21.532056491673014,20.789837911776317,NA,2.067398751356989,11.706561217362976,0.2717830741009854,2.063863734805286,1.4631253202858658,81.19973191825181,1.6455257799552934,0.19447383228675405,0.28332768587375745,0.09537523733650825,0.38390240484838445,0.31285016636138074,0.5313165219697927,1.5100748769419292,0.16739687070519513,23.31879387888821,1.464755666223242,21.757451231726357,0.6403954778610037,0.9715319567632258,0.9489494623603796,0.06140235307388507,29.38892431096954,9.93001850222322,0.8299562406337727,9.970446675129777,52.68962675153902,22.22111853862806,7.11536603940041,8.540321894336982,9.362940147421115,10.982888455653626,1.3691857361971806,28.416612512258872,33.67224316608829,30.113159302603595,3.5906089077914305,77.25708392715904,3.361880665534262,10.079836394383923,21.998620566902506,50.703761180082765,2.9413073465936903,1.0986795265429627,17.072894881264926,5.976384624512378,19.894777012913995,8.878286640390051,4.117689328062474,9.132701762358797,36.71819543936618,5.69821899704121,2.367128789401571,4.718526567444769,1.453127897977594,2.443501878496387
2016,SA,85.6483962530746,20.77632977436359,21.425212943728607,20.341032585155087,19.36845463523398,NA,2.516968883360547,10.58352884665363,0.5338043207438605,2.408512667247036,1.5954379866244197,78.24559181237143,1.9234043977015465,1.3530929759979256,0.1828940033352314,0.0871748941084948,1.691515594387586,0.007408969752880984,0.48839450612942875,2.204168501482093,0.30657599840348654,18.096050122875372,1.8380219962752002,17.971053633173543,2.435818305771767,1.3493287413654134,1.671618925615736,0.0369850990083333,35.720256422053154,8.940415750752697,1.0141326098036205,10.26799558090804,57.16445032218534,21.11807765039722,5.580031389260875,8.445985339607322,7.621057602263155,6.545117467634551,0.6358785176091845,32.134647784994456,35.344573815772165,21.79398851316226,6.15789078109244,77.8079806590213,3.680454212362443,14.76237152466789,23.185059038115725,50.557042288874214,3.1853422254145154,1.2981563219633634,15.051276209306307,6.531200160644431,17.869975709690852,7.882039658363525,3.37004489711862,11.631543490307589,38.13058818408663,5.90516320112363,1.9944169318851397,4.745477968189375,0.9426381003795888,2.2948138013651684
2016,WA,79.04388287958302,17.467617818951517,21.654327510591468,23.652565777318213,19.99498384132407,NA,1.9377040093613351,11.859447071827503,0.5840113272241423,3.0484093478150838,1.8670625830864263,74.71577033905967,2.810175986405947,0.16944980509162705,0.34257671853985056,0.4315627407694847,1.2031931143766716,0.029200566361207114,0.9911321124468387,2.3495857196685064,0.33375165848401905,18.175384225378192,2.208817359758332,21.806117756583212,0.9769428002002077,1.6260605753852637,2.1270557739469518,0.19934253302584057,32.60825082551083,10.115508788505272,0.992732736084416,8.420318576015996,45.348621036790036,23.749498395669782,11.2204535628239,10.29771589880799,9.335760678613735,5.9321626765377955,0.8454104792466078,28.139000609759854,40.22210040712249,23.85479092628065,3.800097315208889,78.37138686491048,3.127883271022857,14.577325556328876,24.776009809000072,47.648648035845405,3.171791799438738,1.289349804918802,16.435307516686986,6.497939307684124,19.946767870820548,8.666342475087383,3.41256485833757,9.07166203604485,38.12146997175497,5.744774092607951,2.3388884777763788,4.214554600172796,1.2284522318764253,2.013287369886895
2016,TAS,89.02936674938161,23.185723519923297,21.797055662633085,18.03519608941072,19.148998874212392,NA,2.6667216789756707,10.505779239533418,0.14383230567901817,0.9867839332240836,0.3589912875349265,88.38102199533921,0.9321590958213964,0.19826065086083242,0.00943162660190283,0.03694053752411942,0.16583943441679144,0.005894766626189269,0.10119349374958245,0.7468669315381804,0.1218251769412449,26.12305128839949,0.7285931549969936,15.579278716355619,0.39416339507118914,0.45370053799570076,0.45782687463403327,0.023186082063011124,37.99884462574127,9.720470166586106,0.500269194342596,7.08668843800474,60.34694720358262,19.73187622191826,4.379689241867604,6.963531633210873,8.476740882908302,5.6280979600929575,0.7300933122034945,35.61660481294523,33.5706220982335,21.22839971849384,5.495445777154459,87.62081727921259,3.1593497005199764,5.771382569908207,20.136270140555364,51.82036338704148,3.1316420980459374,1.0927322591703805,18.01851217003771,5.716489544052108,18.13645114538493,9.554608579030479,3.07599126089684,12.677972701118346,36.55627420017738,5.263362824201259,1.5529213264401134,5.053754137013563,0.7542884336671786,2.857081053018668
2016,NT,78.59182647103842,13.09863774517307,21.74534799816325,28.23344193470798,21.438785996982485,NA,0.7950495266000481,13.729691907375418,0.1219890778237848,1.7117822210756901,1.801853009719775,57.61775881141538,1.015701174855384,1.4000323555260177,15.141074465805893,0.48314670607628035,0.29382315518847096,0.036290657560480784,2.154265901210709,2.2067343217800786,0.06995789409249308,15.060622887599527,2.0943644543940114,19.95767547407404,1.8092860359671024,1.5342640648159889,1.331823408785837,0.023610789256216416,29.394995387151358,15.958707353011906,1.940457087390527,10.242272931979064,38.66592905518675,26.574129953731642,10.702072017702676,7.121862357227475,16.521379556986076,17.50087611037467,3.9021194252715943,15.347930094010453,29.399216833508554,35.720924563087564,13.892825036949002,66.08157730340845,4.601484054791181,12.06899178741753,18.68741846970447,43.432144303000314,3.144258018082857,0.8438666726642976,27.986145472538347,5.582294993477577,22.829223573043308,11.265118604869206,4.078507360065006,7.4527820316488,31.406069318998657,5.664072673479805,4.74627829692367,4.458751341271578,1.8585075684178725,2.902876311320853
2016,ACT,84.54530416649958,16.02638649396479,20.929241689056422,25.555650238601274,20.860318001363435,NA,1.6722139792276536,11.938835866383286,0.7241428834190429,4.312354018690647,2.1746963210820316,72.75620270961467,3.2717450734851328,0.5837992557000425,0.019149220299181372,0.2927814998374836,0.7692443364921148,0.11161979727022825,0.675765905821111,3.9973997374541113,0.27035675501344225,14.996359128508905,2.4750367236691924,22.315140734171028,1.5135442939102959,2.5506257511659607,2.4788161750440305,0.1199345902948728,36.55460173401229,9.130146667909687,0.9602326126339501,6.089955981989655,38.303772496324285,30.891850142375908,15.482061876136061,8.239191528168096,7.051795053135062,14.924326863087352,0.20959951771080876,27.003988699852087,38.4275129159569,24.859624403272274,6.2305033893433714,66.99052946660778,2.4521040566970203,17.694685705873695,32.66750579178752,33.44187234353053,6.1032671154161875,1.027016180521352,10.791422681916854,15.886371513526331,19.552498374792336,8.710835273396045,4.576695911144202,9.838479361251716,37.979019541385846,4.9172949876928715,1.9416369869483323,3.9252237785939315,1.2095990043172182,2.100546180900893
2021,NSW,83.73148633808736,20.102771386080097,20.033944504791332,22.70823108960347,19.31973535146122,NA,2.5608487689317343,10.74405233026383,2.5390241102879663,5.4029911949627145,2.9034944982045974,68.25855800924838,2.964361033599746,0.949144988493063,0.05425044312031275,0.38402377338836896,0.74389481517687694,0.1936618328980697,0.9567096105350085,4.983767683471971,0.5601651912966984,16.108185335292745,2.6800978314779274,22.144409125378033,2.457633039026951,3.387020097681179,4.1022279971939994,0.48097494311996764,33.39704587048586,7.070122098263709,1.1187365496658004,6.348963438450324,44.39722526138131,25.618639664531173,13.63708013741914,9.104641648036964,7.136211654515689,21.761208630208145,0.7917552398867536,31.574295505721196,32.495196284336586,28.06108485754,3.9657337674468143,65.46845107922061,3.051836805101649,11.703307621387165,28.864512805891188,42.76451258242546,3.2033791008393986,1.068410921849548,12.395668420762192,11.555511764713511,18.287086083697137,8.574911737050606,3.565429173158008,9.708455592928479,37.88037507622669,6.838446925245514,2.5731847464074433,4.472603531429059,1.3031635681837301,1.5920128907634146
2021,VIC,82.9199234659232,19.183270042538435,20.219553514263602,23.934760643154785,19.16862657178642,NA,2.405317104282145,10.736096940700257,1.3968349527510464,5.017132835880149,2.9083732196997762,66.89952786335283,2.7187298115347582,1.6497069443026426,0.010798202822687022,0.261646487706083,1.3982676632403919,0.19533885395958892,0.7665145319484586,6.004437371558854,0.8490095280114884,10.249604764973563,3.1723768417905265,20.486272098742575,3.3340826378546486,3.285132192955279,4.237761736215268,0.7014768505585429,38.970972545121455,6.712957487359006,1.79908379474237,6.36576844056885,45.33770936414318,26.184309414220138,12.224599239976625,9.423953107151405,6.731796430228131,12.30907844887454,0.4562530511813176,32.228928492511926,35.70664240597512,25.880518241892414,2.40913589537972,72.98429570683837,2.918880135893878,14.06132117961393,29.80365883046221,41.38733365438395,4.509222752403213,0.8205069276036119,11.449739208772634,11.882381882386083,18.0894839781376,8.969344539074877,3.8428062695751883,10.312124919401965,37.46210678475319,6.502033293855835,2.423576077965795,4.316887024977235,1.0867146950508264,1.422641457377197
2021,QLD,84.26535083453861,20.03458669079553,20.529210212857333,21.870412138290746,20.348457700449927,NA,2.5133021245276472,10.762836676596741,0.2967643642593524,2.2062820168639252,1.630100077218152,80.43833507201671,1.8816039121457326,0.1691548840416834,0.3687857727260312,0.0933767103355991,0.3030926051706507,0.31759733513241967,0.6219731551631094,2.3309202664165687,0.19573349586913558,17.00852582858758,1.3984378962639947,18.64204940939743,0.6395007353836726,1.3530675373429606,1.166302952547159,0.06306039234353468,40.84413097597005,8.02261695879945,1.0704946581676127,9.08464240291117,47.3007974382387,25.917166237843656,10.957921326108323,7.949776482475175,7.815989343501497,12.179362182270877,0.9240483846783443,28.991150692006844,34.368682512747576,29.55691188744846,3.1371774353783413,75.40665405737299,3.1119587647509195,11.238101155078578,23.985513766194284,50.57367596080816,3.5023693692601388,0.8203281925612629,13.379221602194926,7.501876574164763,19.085961245605258,10.222378311133733,3.806556306309684,9.76620778472369,35.935821288215955,5.8551343538467435,2.532320558103288,4.87119445545713,1.4092572161588597,1.815000322205298
2021,SA,86.98828937608013,22.131183957969302,19.88517143581821,21.14497879512679,18.832491905817857,NA,2.8936033324916246,9.921496134419943,0.597924136969168,2.444897849002785,1.9761527698419483,77.62294786947348,1.8811102762868417,1.2099078144050677,0.22939546225519528,0.0780585686712947,1.3048378316364406,0.00849196244190598,0.5833584530456339,3.8489397981724847,0.33231129847167173,12.625692291772584,1.863282778975026,15.522182580566792,2.377974436381142,2.1291768082818567,2.2519447156373587,0.038185711907643444,45.49611056872529,6.358399056998502,1.5292280974854795,9.120255186283288,51.40920391602931,25.955894513383743,9.001051938087478,7.650680641899128,5.826191631669843,6.803572255137937,0.5188564617663396,32.79904763006851,35.61869329753749,21.6636676078504,5.4353360488798375,77.95749629698204,3.673943482688391,14.52595584151083,25.781491514711572,49.58163211563166,3.7271838368479746,0.8643292717834105,11.089840324069092,8.755040680380217,17.299334854309457,9.070628922020228,3.2814738355127018,11.876456061314949,37.413420122224736,6.318944352532039,2.173781973056535,4.796681988973726,1.0257544990184397,1.7826049208240278
2021,WA,82.95105981193011,19.314936180468052,20.77522543231826,22.961378651241713,19.50641551959467,NA,2.2716155357367125,11.29777130419795,0.6197310337415852,2.9913062309250593,2.0304180911847816,74.89646908051616,2.884603730102872,0.14641797159394385,0.3645096412032454,0.4658790370998252,0.9663828539060549,0.02759477775901315,1.0811254144266953,3.44668066741384,0.35966136399814796,12.82805665696742,2.2609536722871666,19.11429247878677,0.9594336565787486,2.055427121101076,2.633139752398483,0.1934058581733469,42.47304963908616,7.511839896957948,1.2291594784223383,8.02571687838824,42.629573981391744,26.126764466641603,14.992916916958904,8.977764062678668,7.281918689102839,6.785437920426147,0.6573608090389609,28.619231439632383,40.64434903960486,23.58460925278915,3.379285307469666,78.96378797921226,3.0241261741956182,13.416111279494361,26.540461761476635,47.68013503534128,3.735508902720634,1.181715527110611,12.396916380458949,8.357656105308811,19.653857695481218,9.451538442160754,3.052753975209384,9.989786587858546,37.30268690964069,5.978580561105683,2.2917641713855637,4.407147001981252,0.9887254713483075,1.6590717948513973
2021,TAS,87.41061844752537,23.98563062876787,19.29616690909287,21.130275466887696,18.045499412963,NA,3.045400524647463,9.545599200263222,0.15175025216792495,1.721754045924229,0.5965726738070793,86.0859043074417,0.9441239030021018,0.1686513466036891,0.019058680959478727,0.06382860132655611,0.12873599591496954,0.009888938233691792,0.19741916691988343,2.9014144777651723,0.087202455333464,18.459051704763052,0.9601260030529849,12.751156556276149,0.38548879223700366,1.7222934425551577,0.8756205308741641,0.035779976518266664,49.805907112304176,7.046317988697843,0.8211414711503712,6.266350460375024,53.75780764718062,25.17923079577611,7.478518186210229,7.038313548208986,6.373153771826903,5.243329106564919,0.6491217629744243,37.04068226451025,33.00861986092864,20.809891553634944,5.207622831873802,87.67263754926779,3.0093980746078026,6.117217290992405,23.11219810455518,49.73654396029277,3.6563741974931214,0.8232776449008219,12.763500998075783,9.763159314474795,16.878421268737316,10.940081458547796,3.430560771851849,12.32172429025397,35.90403225649518,5.82119206586739,1.9107536569750585,5.048055872857724,1.6075706243274221,2.1390166205794725
2021,NT,79.86787264583297,14.65809452985836,20.55107829064559,28.375386956747317,21.24370925064421,NA,1.065752382270031,12.800269788838351,0.13707870998988125,1.8209414756069084,2.0903422211075267,57.160957215875186,1.244519013725168,1.3707870998988125,15.41032803756908,0.5375042161432884,0.22659067518832107,0.05232341927058559,2.188502685358956,4.666297664040406,0.0588097935603276,10.355712766049452,2.1863405605957085,16.8563570792289,1.8421302982867322,2.658981033841577,1.71413251230249,0.03935067069110156,38.084098004791265,11.992873636780336,2.409471836162834,10.85343388654899,38.97164034275001,29.092085281814843,13.262100686925391,6.7047865487618346,11.807660890207064,17.898679835575695,2.3457119207620756,15.856002469170443,29.994809130318888,33.61298559182929,13.30405869891553,66.75037528584856,6.189761360288444,12.678348461678755,22.215526313422497,43.977729607209994,3.8505473155901746,0.6476043137642901,19.785211235934845,9.15550598584265,21.979233393418447,11.521940997412864,4.043082515232321,8.38609402078647,30.34745085186785,6.308936791455003,4.867390667441318,4.97762946851987,1.7464408260958084,2.347291949091523
2021,ACT,85.79310405272753,16.407455125508346,20.01757292104894,26.787748913195905,20.535557775908007,NA,1.9731191277520683,11.035443836769037,0.8298264071541294,4.197790636507102,2.335393652463616,71.18621778011573,3.190426091530773,0.511572856391373,0.04602840610205155,0.23934771173066807,0.5646151148518324,0.09907066456251096,0.8044011923549009,6.981413291250219,0.33447308434157463,11.359591443100122,2.761266000350693,19.24075048220235,1.4591004734350341,4.501139751008242,3.2165088549886023,0.15101700859196915,43.918551639487994,5.7108100999473965,1.3593722602139224,5.7250569875504125,33.36389150241651,32.61387608930491,21.986066547114532,6.969406983881906,4.920401330620626,19.215704808209225,0.15477955728320525,26.698882869683885,40.12984941485057,24.689111671678294,5.484040573511428,63.382819469141566,2.096022401682489,17.112593266498497,33.82239730219948,31.515522492311042,6.334799148300168,0.7089988020624054,7.62924770270118,19.791881813504776,18.679197429972383,9.976469593642562,4.585376392567961,10.254278682672979,37.22101673899566,5.008078303180597,2.114683725037104,3.956255048939488,1.6227056679629526,1.6137819609611301
